arch,group,arm,label,backend,quant,batch,ctx,ttft_p50,ttft_p99,tpot_p50,tpot_p99,n_steps,mode,ok,oom,err
h200canon,abl,abl_attn,bf16-w+OMMXattn(noshadow),CUSTOM,,1,1024,75.48963,75.74962,6.64093,45.97664,800,graph,True,False,
h200canon,abl,abl_attn,bf16-w+OMMXattn(noshadow),CUSTOM,,1,4096,186.54051,188.96345,9.0275,49.3907,800,graph,True,False,
h200canon,abl,abl_attn,bf16-w+OMMXattn(noshadow),CUSTOM,,1,8192,356.02974,356.17066,13.19648,53.24987,800,graph,True,False,
h200canon,abl,abl_attn,bf16-w+OMMXattn(noshadow),CUSTOM,,1,16384,740.59368,740.74267,20.55885,60.64059,800,graph,True,False,
h200canon,abl,abl_attn,bf16-w+OMMXattn(noshadow),CUSTOM,,1,32768,1680.33195,1683.82848,33.11086,72.99562,800,graph,True,False,
h200canon,abl,abl_attn,bf16-w+OMMXattn(noshadow),CUSTOM,,1,65536,4296.92155,4303.47854,64.34955,104.39459,800,graph,True,False,
h200canon,abl,abl_attn_no_all,bf16-w+CUSTOM-base(math+mem),CUSTOM,,1,1024,76.17811,76.53758,8.32915,41.69581,800,graph,True,False,
h200canon,abl,abl_attn_no_all,bf16-w+CUSTOM-base(math+mem),CUSTOM,,1,4096,186.44988,186.58417,8.25686,41.58941,800,graph,True,False,
h200canon,abl,abl_attn_no_all,bf16-w+CUSTOM-base(math+mem),CUSTOM,,1,8192,357.06723,357.1418,8.29645,41.98586,800,graph,True,False,
h200canon,abl,abl_attn_no_all,bf16-w+CUSTOM-base(math+mem),CUSTOM,,1,16384,744.11551,746.26723,8.28792,41.97477,800,graph,True,False,
h200canon,abl,abl_attn_no_all,bf16-w+CUSTOM-base(math+mem),CUSTOM,,1,32768,1686.26855,1686.78928,8.30602,41.78102,800,graph,True,False,
h200canon,abl,abl_attn_no_all,bf16-w+CUSTOM-base(math+mem),CUSTOM,,1,65536,4304.04615,4312.50926,8.37205,42.20834,800,graph,True,False,
h200canon,abl,abl_attn_no_dequant,bf16-w+CUSTOM-Vdequant,CUSTOM,,1,1024,73.50393,73.67586,5.71661,44.21928,800,graph,True,False,
h200canon,abl,abl_attn_no_dequant,bf16-w+CUSTOM-Vdequant,CUSTOM,,1,4096,184.51252,186.43691,8.1423,47.86019,800,graph,True,False,
h200canon,abl,abl_attn_no_dequant,bf16-w+CUSTOM-Vdequant,CUSTOM,,1,8192,354.46864,354.73899,12.04885,51.76573,800,graph,True,False,
h200canon,abl,abl_attn_no_dequant,bf16-w+CUSTOM-Vdequant,CUSTOM,,1,16384,743.6858,743.80532,18.97573,58.57867,800,graph,True,False,
h200canon,abl,abl_attn_no_dequant,bf16-w+CUSTOM-Vdequant,CUSTOM,,1,32768,1684.4161,1686.53153,30.97181,70.76863,800,graph,True,False,
h200canon,abl,abl_attn_no_dequant,bf16-w+CUSTOM-Vdequant,CUSTOM,,1,65536,4303.38564,4312.0564,60.70753,100.17599,800,graph,True,False,
h200canon,abl,abl_attn_no_unpack,bf16-w+CUSTOM-unpack,CUSTOM,,1,1024,77.05178,77.11925,8.56987,48.23342,800,graph,True,False,
h200canon,abl,abl_attn_no_unpack,bf16-w+CUSTOM-unpack,CUSTOM,,1,4096,186.91001,188.27061,9.49813,51.46236,800,graph,True,False,
h200canon,abl,abl_attn_no_unpack,bf16-w+CUSTOM-unpack,CUSTOM,,1,8192,358.25151,358.62702,14.25046,55.65487,800,graph,True,False,
h200canon,abl,abl_attn_no_unpack,bf16-w+CUSTOM-unpack,CUSTOM,,1,16384,743.07881,744.99372,22.58094,64.07172,800,graph,True,False,
h200canon,abl,abl_attn_no_unpack,bf16-w+CUSTOM-unpack,CUSTOM,,1,32768,1686.29047,1690.21984,36.85131,78.86753,800,graph,True,False,
h200canon,abl,abl_attn_no_unpack,bf16-w+CUSTOM-unpack,CUSTOM,,1,65536,4298.36462,4308.27246,72.22664,114.04147,800,graph,True,False,
h200canon,abl,abl_attn_skipwrite,bf16-w+CUSTOM-skipwrite,CUSTOM,,1,1024,74.76672,75.28935,5.91422,44.36321,800,graph,True,False,
h200canon,abl,abl_attn_skipwrite,bf16-w+CUSTOM-skipwrite,CUSTOM,,1,4096,186.62208,186.87465,8.4749,48.20322,800,graph,True,False,
h200canon,abl,abl_attn_skipwrite,bf16-w+CUSTOM-skipwrite,CUSTOM,,1,8192,353.88508,355.91821,12.6221,52.19485,800,graph,True,False,
h200canon,abl,abl_attn_skipwrite,bf16-w+CUSTOM-skipwrite,CUSTOM,,1,16384,740.26184,742.57748,19.88016,59.55473,800,graph,True,False,
h200canon,abl,abl_attn_skipwrite,bf16-w+CUSTOM-skipwrite,CUSTOM,,1,32768,1680.89327,1684.61729,32.59763,72.18936,800,graph,True,False,
h200canon,abl,abl_attn_skipwrite,bf16-w+CUSTOM-skipwrite,CUSTOM,,1,65536,4290.83926,4294.01128,63.70117,103.41058,800,graph,True,False,
h200canon,cmp,FA,bf16+FLASH_ATTN(vLLM default),FLASH_ATTN,,1,1024,25.14147,25.19789,3.59474,3.74861,800,graph,True,False,
h200canon,cmp,FA,bf16+FLASH_ATTN(vLLM default),FLASH_ATTN,,1,4096,90.12605,90.16336,3.64621,3.79367,800,graph,True,False,
h200canon,cmp,FA,bf16+FLASH_ATTN(vLLM default),FLASH_ATTN,,1,8192,191.80685,192.08416,3.82813,3.98516,800,graph,True,False,
h200canon,cmp,FA,bf16+FLASH_ATTN(vLLM default),FLASH_ATTN,,1,16384,448.50015,450.22113,4.0753,4.20107,800,graph,True,False,
h200canon,cmp,FA,bf16+FLASH_ATTN(vLLM default),FLASH_ATTN,,1,32768,1124.77641,1126.25702,4.60552,4.76398,800,graph,True,False,
h200canon,cmp,FA,bf16+FLASH_ATTN(vLLM default),FLASH_ATTN,,1,65536,3172.9262,3189.56237,5.73605,5.86221,800,graph,True,False,
h200canon,cmp,TRITON,bf16+TRITON,TRITON_ATTN,,1,1024,29.44944,29.60195,3.5236,3.68144,800,graph,True,False,
h200canon,cmp,TRITON,bf16+TRITON,TRITON_ATTN,,1,4096,150.68522,150.95545,3.99272,4.11099,800,graph,True,False,
h200canon,cmp,TRITON,bf16+TRITON,TRITON_ATTN,,1,8192,426.5278,426.72288,4.75523,4.90983,800,graph,True,False,
h200canon,cmp,TRITON,bf16+TRITON,TRITON_ATTN,,1,16384,1366.79134,1368.26237,6.10322,6.26432,800,graph,True,False,
h200canon,cmp,TRITON,bf16+TRITON,TRITON_ATTN,,1,32768,4789.50679,4793.9749,8.72037,8.81381,800,graph,True,False,
h200canon,cmp,TRITON,bf16+TRITON,TRITON_ATTN,,1,65536,17926.8908,17980.62726,14.15541,14.18251,800,graph,True,False,
